"Goal","Target","Indicator","SeriesCode","SeriesDescription","GeoAreaCode","GeoAreaName","Observation Status","Reporting Type","Units","2017","2018","2020","2022","2023","","","","","","","","","","","","","","","","","","","","","","","","","","","","","","","","","","","","",""
"6","6.5","6.5.2","EG_TBA_H2COAQ","Proportion of transboundary aquifers with an operational arrangement for water cooperation (%)","4","Afghanistan","O","G","PERCENT","NaN","","NaN","","NaN","","","","","","","","","","","","","","","","","","","","","","","","","","","","","","","","","","","","",""
"6","6.5","6.5.2","EG_TBA_H2COAQ","Proportion of transboundary aquifers with an operational arrangement for water cooperation (%)","248","Åland Islands","M","G","PERCENT","NaN","","NaN","","NaN","","","","","","","","","","","","","","","","","","","","","","","","","","","","","","","","","","","","",""
"6","6.5","6.5.2","EG_TBA_H2COAQ","Proportion of transboundary aquifers with an operational arrangement for water cooperation (%)","8","Albania","A","G","PERCENT","89.32","","51.67","","51.67","","","","","","","","","","","","","","","","","","","","","","","","","","","","","","","","","","","","",""
"6","6.5","6.5.2","EG_TBA_H2COAQ","Proportion of transboundary aquifers with an operational arrangement for water cooperation (%)","12","Algeria","A","G","PERCENT","","","58.32","","58.32","","","","","","","","","","","","","","","","","","","","","","","","","","","","","","","","","","","","",""
"6","6.5","6.5.2","EG_TBA_H2COAQ","Proportion of transboundary aquifers with an operational arrangement for water cooperation (%)","12","Algeria","O","G","PERCENT","NaN","","","","","","","","","","","","","","","","","","","","","","","","","","","","","","","","","","","","","","","","",""
"6","6.5","6.5.2","EG_TBA_H2COAQ","Proportion of transboundary aquifers with an operational arrangement for water cooperation (%)","16","American Samoa","M","G","PERCENT","NaN","","NaN","","NaN","","","","","","","","","","","","","","","","","","","","","","","","","","","","","","","","","","","","",""
"6","6.5","6.5.2","EG_TBA_H2COAQ","Proportion of transboundary aquifers with an operational arrangement for water cooperation (%)","20","Andorra","M","G","PERCENT","","","NaN","","NaN","","","","","","","","","","","","","","","","","","","","","","","","","","","","","","","","","","","","",""
"6","6.5","6.5.2","EG_TBA_H2COAQ","Proportion of transboundary aquifers with an operational arrangement for water cooperation (%)","20","Andorra","O","G","PERCENT","NaN","","","","","","","","","","","","","","","","","","","","","","","","","","","","","","","","","","","","","","","","",""
"6","6.5","6.5.2","EG_TBA_H2COAQ","Proportion of transboundary aquifers with an operational arrangement for water cooperation (%)","24","Angola","A","G","PERCENT","15.24","","15.24","","15.24","","","","","","","","","","","","","","","","","","","","","","","","","","","","","","","","","","","","",""
"6","6.5","6.5.2","EG_TBA_H2COAQ","Proportion of transboundary aquifers with an operational arrangement for water cooperation (%)","660","Anguilla","M","G","PERCENT","NaN","","NaN","","NaN","","","","","","","","","","","","","","","","","","","","","","","","","","","","","","","","","","","","",""
"6","6.5","6.5.2","EG_TBA_H2COAQ","Proportion of transboundary aquifers with an operational arrangement for water cooperation (%)","28","Antigua and Barbuda","M","G","PERCENT","NaN","","NaN","","NaN","","","","","","","","","","","","","","","","","","","","","","","","","","","","","","","","","","","","",""
"6","6.5","6.5.2","EG_TBA_H2COAQ","Proportion of transboundary aquifers with an operational arrangement for water cooperation (%)","32","Argentina","A","G","PERCENT","","","0","","0","","","","","","","","","","","","","","","","","","","","","","","","","","","","","","","","","","","","",""
"6","6.5","6.5.2","EG_TBA_H2COAQ","Proportion of transboundary aquifers with an operational arrangement for water cooperation (%)","32","Argentina","O","G","PERCENT","NaN","","","","","","","","","","","","","","","","","","","","","","","","","","","","","","","","","","","","","","","","",""
"6","6.5","6.5.2","EG_TBA_H2COAQ","Proportion of transboundary aquifers with an operational arrangement for water cooperation (%)","51","Armenia","A","G","PERCENT","0","","0","","0","","","","","","","","","","","","","","","","","","","","","","","","","","","","","","","","","","","","",""
"6","6.5","6.5.2","EG_TBA_H2COAQ","Proportion of transboundary aquifers with an operational arrangement for water cooperation (%)","533","Aruba","M","G","PERCENT","NaN","","NaN","","NaN","","","","","","","","","","","","","","","","","","","","","","","","","","","","","","","","","","","","",""
"6","6.5","6.5.2","EG_TBA_H2COAQ","Proportion of transboundary aquifers with an operational arrangement for water cooperation (%)","36","Australia","M","G","PERCENT","NaN","","NaN","","NaN","","","","","","","","","","","","","","","","","","","","","","","","","","","","","","","","","","","","",""
"6","6.5","6.5.2","EG_TBA_H2COAQ","Proportion of transboundary aquifers with an operational arrangement for water cooperation (%)","40","Austria","A","G","PERCENT","100","","100","","100","","","","","","","","","","","","","","","","","","","","","","","","","","","","","","","","","","","","",""
"6","6.5","6.5.2","EG_TBA_H2COAQ","Proportion of transboundary aquifers with an operational arrangement for water cooperation (%)","31","Azerbaijan","A","G","PERCENT","","","3.86","","3.86","","","","","","","","","","","","","","","","","","","","","","","","","","","","","","","","","","","","",""
"6","6.5","6.5.2","EG_TBA_H2COAQ","Proportion of transboundary aquifers with an operational arrangement for water cooperation (%)","31","Azerbaijan","O","G","PERCENT","NaN","","","","","","","","","","","","","","","","","","","","","","","","","","","","","","","","","","","","","","","","",""
"6","6.5","6.5.2","EG_TBA_H2COAQ","Proportion of transboundary aquifers with an operational arrangement for water cooperation (%)","44","Bahamas","M","G","PERCENT","NaN","","NaN","","NaN","","","","","","","","","","","","","","","","","","","","","","","","","","","","","","","","","","","","",""
"6","6.5","6.5.2","EG_TBA_H2COAQ","Proportion of transboundary aquifers with an operational arrangement for water cooperation (%)","48","Bahrain","A","G","PERCENT","","","","","0","","","","","","","","","","","","","","","","","","","","","","","","","","","","","","","","","","","","",""
"6","6.5","6.5.2","EG_TBA_H2COAQ","Proportion of transboundary aquifers with an operational arrangement for water cooperation (%)","48","Bahrain","M","G","PERCENT","NaN","","NaN","","","","","","","","","","","","","","","","","","","","","","","","","","","","","","","","","","","","","","",""
"6","6.5","6.5.2","EG_TBA_H2COAQ","Proportion of transboundary aquifers with an operational arrangement for water cooperation (%)","50","Bangladesh","O","G","PERCENT","NaN","","NaN","","NaN","","","","","","","","","","","","","","","","","","","","","","","","","","","","","","","","","","","","",""
"6","6.5","6.5.2","EG_TBA_H2COAQ","Proportion of transboundary aquifers with an operational arrangement for water cooperation (%)","52","Barbados","M","G","PERCENT","NaN","","NaN","","NaN","","","","","","","","","","","","","","","","","","","","","","","","","","","","","","","","","","","","",""
"6","6.5","6.5.2","EG_TBA_H2COAQ","Proportion of transboundary aquifers with an operational arrangement for water cooperation (%)","112","Belarus","A","G","PERCENT","","","67.43","","28.22","","","","","","","","","","","","","","","","","","","","","","","","","","","","","","","","","","","","",""
"6","6.5","6.5.2","EG_TBA_H2COAQ","Proportion of transboundary aquifers with an operational arrangement for water cooperation (%)","112","Belarus","O","G","PERCENT","NaN","","","","","","","","","","","","","","","","","","","","","","","","","","","","","","","","","","","","","","","","",""
"6","6.5","6.5.2","EG_TBA_H2COAQ","Proportion of transboundary aquifers with an operational arrangement for water cooperation (%)","56","Belgium","A","G","PERCENT","100","","100","","100","","","","","","","","","","","","","","","","","","","","","","","","","","","","","","","","","","","","",""
"6","6.5","6.5.2","EG_TBA_H2COAQ","Proportion of transboundary aquifers with an operational arrangement for water cooperation (%)","84","Belize","A","G","PERCENT","","","","","0","","","","","","","","","","","","","","","","","","","","","","","","","","","","","","","","","","","","",""
"6","6.5","6.5.2","EG_TBA_H2COAQ","Proportion of transboundary aquifers with an operational arrangement for water cooperation (%)","84","Belize","O","G","PERCENT","NaN","","NaN","","","","","","","","","","","","","","","","","","","","","","","","","","","","","","","","","","","","","","",""
"6","6.5","6.5.2","EG_TBA_H2COAQ","Proportion of transboundary aquifers with an operational arrangement for water cooperation (%)","204","Benin","A","G","PERCENT","49.15","","58.47","","68.05","","","","","","","","","","","","","","","","","","","","","","","","","","","","","","","","","","","","",""
"6","6.5","6.5.2","EG_TBA_H2COAQ","Proportion of transboundary aquifers with an operational arrangement for water cooperation (%)","60","Bermuda","M","G","PERCENT","NaN","","NaN","","NaN","","","","","","","","","","","","","","","","","","","","","","","","","","","","","","","","","","","","",""
"6","6.5","6.5.2","EG_TBA_H2COAQ","Proportion of transboundary aquifers with an operational arrangement for water cooperation (%)","64","Bhutan","O","G","PERCENT","NaN","","NaN","","NaN","","","","","","","","","","","","","","","","","","","","","","","","","","","","","","","","","","","","",""
"6","6.5","6.5.2","EG_TBA_H2COAQ","Proportion of transboundary aquifers with an operational arrangement for water cooperation (%)","68","Bolivia (Plurinational State of)","A","G","PERCENT","","","","11.30","94.90","","","","","","","","","","","","","","","","","","","","","","","","","","","","","","","","","","","","",""
"6","6.5","6.5.2","EG_TBA_H2COAQ","Proportion of transboundary aquifers with an operational arrangement for water cooperation (%)","68","Bolivia (Plurinational State of)","O","G","PERCENT","NaN","","","","","","","","","","","","","","","","","","","","","","","","","","","","","","","","","","","","","","","","",""
"6","6.5","6.5.2","EG_TBA_H2COAQ","Proportion of transboundary aquifers with an operational arrangement for water cooperation (%)","535","Bonaire, Sint Eustatius and Saba","M","G","PERCENT","NaN","","NaN","","NaN","","","","","","","","","","","","","","","","","","","","","","","","","","","","","","","","","","","","",""
"6","6.5","6.5.2","EG_TBA_H2COAQ","Proportion of transboundary aquifers with an operational arrangement for water cooperation (%)","70","Bosnia and Herzegovina","A","G","PERCENT","73.32","","73.32","","73.32","","","","","","","","","","","","","","","","","","","","","","","","","","","","","","","","","","","","",""
"6","6.5","6.5.2","EG_TBA_H2COAQ","Proportion of transboundary aquifers with an operational arrangement for water cooperation (%)","72","Botswana","A","G","PERCENT","100","","100","","100","","","","","","","","","","","","","","","","","","","","","","","","","","","","","","","","","","","","",""
"6","6.5","6.5.2","EG_TBA_H2COAQ","Proportion of transboundary aquifers with an operational arrangement for water cooperation (%)","76","Brazil","A","G","PERCENT","0","","0","","0","","","","","","","","","","","","","","","","","","","","","","","","","","","","","","","","","","","","",""
"6","6.5","6.5.2","EG_TBA_H2COAQ","Proportion of transboundary aquifers with an operational arrangement for water cooperation (%)","86","British Indian Ocean Territory","M","G","PERCENT","NaN","","NaN","","NaN","","","","","","","","","","","","","","","","","","","","","","","","","","","","","","","","","","","","",""
"6","6.5","6.5.2","EG_TBA_H2COAQ","Proportion of transboundary aquifers with an operational arrangement for water cooperation (%)","92","British Virgin Islands","M","G","PERCENT","NaN","","NaN","","NaN","","","","","","","","","","","","","","","","","","","","","","","","","","","","","","","","","","","","",""
"6","6.5","6.5.2","EG_TBA_H2COAQ","Proportion of transboundary aquifers with an operational arrangement for water cooperation (%)","96","Brunei Darussalam","A","G","PERCENT","","","0","","0","","","","","","","","","","","","","","","","","","","","","","","","","","","","","","","","","","","","",""
"6","6.5","6.5.2","EG_TBA_H2COAQ","Proportion of transboundary aquifers with an operational arrangement for water cooperation (%)","96","Brunei Darussalam","O","G","PERCENT","NaN","","","","","","","","","","","","","","","","","","","","","","","","","","","","","","","","","","","","","","","","",""
"6","6.5","6.5.2","EG_TBA_H2COAQ","Proportion of transboundary aquifers with an operational arrangement for water cooperation (%)","100","Bulgaria","A","G","PERCENT","98","","97.59","","100","","","","","","","","","","","","","","","","","","","","","","","","","","","","","","","","","","","","",""
"6","6.5","6.5.2","EG_TBA_H2COAQ","Proportion of transboundary aquifers with an operational arrangement for water cooperation (%)","854","Burkina Faso","A","G","PERCENT","","","","","100","","","","","","","","","","","","","","","","","","","","","","","","","","","","","","","","","","","","",""
"6","6.5","6.5.2","EG_TBA_H2COAQ","Proportion of transboundary aquifers with an operational arrangement for water cooperation (%)","854","Burkina Faso","O","G","PERCENT","NaN","","NaN","","","","","","","","","","","","","","","","","","","","","","","","","","","","","","","","","","","","","","",""
"6","6.5","6.5.2","EG_TBA_H2COAQ","Proportion of transboundary aquifers with an operational arrangement for water cooperation (%)","108","Burundi","A","G","PERCENT","79.39","","79.39","","","","","","","","","","","","","","","","","","","","","","","","","","","","","","","","","","","","","","",""
"6","6.5","6.5.2","EG_TBA_H2COAQ","Proportion of transboundary aquifers with an operational arrangement for water cooperation (%)","108","Burundi","O","G","PERCENT","","","","","NaN","","","","","","","","","","","","","","","","","","","","","","","","","","","","","","","","","","","","",""
"6","6.5","6.5.2","EG_TBA_H2COAQ","Proportion of transboundary aquifers with an operational arrangement for water cooperation (%)","132","Cabo Verde","M","G","PERCENT","NaN","","NaN","","NaN","","","","","","","","","","","","","","","","","","","","","","","","","","","","","","","","","","","","",""
"6","6.5","6.5.2","EG_TBA_H2COAQ","Proportion of transboundary aquifers with an operational arrangement for water cooperation (%)","116","Cambodia","A","G","PERCENT","","","0","","94.85","","","","","","","","","","","","","","","","","","","","","","","","","","","","","","","","","","","","",""
"6","6.5","6.5.2","EG_TBA_H2COAQ","Proportion of transboundary aquifers with an operational arrangement for water cooperation (%)","116","Cambodia","O","G","PERCENT","NaN","","","","","","","","","","","","","","","","","","","","","","","","","","","","","","","","","","","","","","","","",""
"6","6.5","6.5.2","EG_TBA_H2COAQ","Proportion of transboundary aquifers with an operational arrangement for water cooperation (%)","120","Cameroon","A","G","PERCENT","","96.32","92.55","","92.03","","","","","","","","","","","","","","","","","","","","","","","","","","","","","","","","","","","","",""
"6","6.5","6.5.2","EG_TBA_H2COAQ","Proportion of transboundary aquifers with an operational arrangement for water cooperation (%)","124","Canada","A","G","PERCENT","0","","0","","0","","","","","","","","","","","","","","","","","","","","","","","","","","","","","","","","","","","","",""
"6","6.5","6.5.2","EG_TBA_H2COAQ","Proportion of transboundary aquifers with an operational arrangement for water cooperation (%)","136","Cayman Islands","M","G","PERCENT","NaN","","NaN","","NaN","","","","","","","","","","","","","","","","","","","","","","","","","","","","","","","","","","","","",""
"6","6.5","6.5.2","EG_TBA_H2COAQ","Proportion of transboundary aquifers with an operational arrangement for water cooperation (%)","140","Central African Republic","O","G","PERCENT","NaN","","NaN","","NaN","","","","","","","","","","","","","","","","","","","","","","","","","","","","","","","","","","","","",""
"6","6.5","6.5.2","EG_TBA_H2COAQ","Proportion of transboundary aquifers with an operational arrangement for water cooperation (%)","148","Chad","A","G","PERCENT","53.09","","53.18","","53.18","","","","","","","","","","","","","","","","","","","","","","","","","","","","","","","","","","","","",""
"6","6.5","6.5.2","EG_TBA_H2COAQ","Proportion of transboundary aquifers with an operational arrangement for water cooperation (%)","830","Channel Islands","A","G","PERCENT","NaN","","NaN","","NaN","","","","","","","","","","","","","","","","","","","","","","","","","","","","","","","","","","","","",""
"6","6.5","6.5.2","EG_TBA_H2COAQ","Proportion of transboundary aquifers with an operational arrangement for water cooperation (%)","152","Chile","A","G","PERCENT","0","","0","","0","","","","","","","","","","","","","","","","","","","","","","","","","","","","","","","","","","","","",""
"6","6.5","6.5.2","EG_TBA_H2COAQ","Proportion of transboundary aquifers with an operational arrangement for water cooperation (%)","156","China","O","G","PERCENT","NaN","","NaN","","NaN","","","","","","","","","","","","","","","","","","","","","","","","","","","","","","","","","","","","",""
"6","6.5","6.5.2","EG_TBA_H2COAQ","Proportion of transboundary aquifers with an operational arrangement for water cooperation (%)","344","China, Hong Kong Special Administrative Region","M","G","PERCENT","NaN","","NaN","","NaN","","","","","","","","","","","","","","","","","","","","","","","","","","","","","","","","","","","","",""
"6","6.5","6.5.2","EG_TBA_H2COAQ","Proportion of transboundary aquifers with an operational arrangement for water cooperation (%)","446","China, Macao Special Administrative Region","M","G","PERCENT","NaN","","NaN","","NaN","","","","","","","","","","","","","","","","","","","","","","","","","","","","","","","","","","","","",""
"6","6.5","6.5.2","EG_TBA_H2COAQ","Proportion of transboundary aquifers with an operational arrangement for water cooperation (%)","162","Christmas Island","M","G","PERCENT","NaN","","NaN","","NaN","","","","","","","","","","","","","","","","","","","","","","","","","","","","","","","","","","","","",""
"6","6.5","6.5.2","EG_TBA_H2COAQ","Proportion of transboundary aquifers with an operational arrangement for water cooperation (%)","166","Cocos (Keeling) Islands","M","G","PERCENT","NaN","","NaN","","NaN","","","","","","","","","","","","","","","","","","","","","","","","","","","","","","","","","","","","",""
"6","6.5","6.5.2","EG_TBA_H2COAQ","Proportion of transboundary aquifers with an operational arrangement for water cooperation (%)","170","Colombia","O","G","PERCENT","NaN","","NaN","","NaN","","","","","","","","","","","","","","","","","","","","","","","","","","","","","","","","","","","","",""
"6","6.5","6.5.2","EG_TBA_H2COAQ","Proportion of transboundary aquifers with an operational arrangement for water cooperation (%)","174","Comoros","M","G","PERCENT","NaN","","NaN","","NaN","","","","","","","","","","","","","","","","","","","","","","","","","","","","","","","","","","","","",""
"6","6.5","6.5.2","EG_TBA_H2COAQ","Proportion of transboundary aquifers with an operational arrangement for water cooperation (%)","178","Congo","A","G","PERCENT","","","","","94.34","","","","","","","","","","","","","","","","","","","","","","","","","","","","","","","","","","","","",""
"6","6.5","6.5.2","EG_TBA_H2COAQ","Proportion of transboundary aquifers with an operational arrangement for water cooperation (%)","178","Congo","O","G","PERCENT","NaN","","NaN","","","","","","","","","","","","","","","","","","","","","","","","","","","","","","","","","","","","","","",""
"6","6.5","6.5.2","EG_TBA_H2COAQ","Proportion of transboundary aquifers with an operational arrangement for water cooperation (%)","184","Cook Islands","M","G","PERCENT","NaN","","NaN","","NaN","","","","","","","","","","","","","","","","","","","","","","","","","","","","","","","","","","","","",""
"6","6.5","6.5.2","EG_TBA_H2COAQ","Proportion of transboundary aquifers with an operational arrangement for water cooperation (%)","188","Costa Rica","A","G","PERCENT","","","0","","100","","","","","","","","","","","","","","","","","","","","","","","","","","","","","","","","","","","","",""
"6","6.5","6.5.2","EG_TBA_H2COAQ","Proportion of transboundary aquifers with an operational arrangement for water cooperation (%)","188","Costa Rica","O","G","PERCENT","NaN","","","","","","","","","","","","","","","","","","","","","","","","","","","","","","","","","","","","","","","","",""
"6","6.5","6.5.2","EG_TBA_H2COAQ","Proportion of transboundary aquifers with an operational arrangement for water cooperation (%)","384","Côte d'Ivoire","A","G","PERCENT","","","","","0","","","","","","","","","","","","","","","","","","","","","","","","","","","","","","","","","","","","",""
"6","6.5","6.5.2","EG_TBA_H2COAQ","Proportion of transboundary aquifers with an operational arrangement for water cooperation (%)","384","Côte d'Ivoire","O","G","PERCENT","NaN","","NaN","","","","","","","","","","","","","","","","","","","","","","","","","","","","","","","","","","","","","","",""
"6","6.5","6.5.2","EG_TBA_H2COAQ","Proportion of transboundary aquifers with an operational arrangement for water cooperation (%)","191","Croatia","A","G","PERCENT","","","100","","100","","","","","","","","","","","","","","","","","","","","","","","","","","","","","","","","","","","","",""
"6","6.5","6.5.2","EG_TBA_H2COAQ","Proportion of transboundary aquifers with an operational arrangement for water cooperation (%)","191","Croatia","O","G","PERCENT","NaN","","","","","","","","","","","","","","","","","","","","","","","","","","","","","","","","","","","","","","","","",""
"6","6.5","6.5.2","EG_TBA_H2COAQ","Proportion of transboundary aquifers with an operational arrangement for water cooperation (%)","192","Cuba","M","G","PERCENT","NaN","","NaN","","NaN","","","","","","","","","","","","","","","","","","","","","","","","","","","","","","","","","","","","",""
"6","6.5","6.5.2","EG_TBA_H2COAQ","Proportion of transboundary aquifers with an operational arrangement for water cooperation (%)","531","Curaçao","M","G","PERCENT","NaN","","NaN","","NaN","","","","","","","","","","","","","","","","","","","","","","","","","","","","","","","","","","","","",""
"6","6.5","6.5.2","EG_TBA_H2COAQ","Proportion of transboundary aquifers with an operational arrangement for water cooperation (%)","196","Cyprus","M","G","PERCENT","NaN","","NaN","","NaN","","","","","","","","","","","","","","","","","","","","","","","","","","","","","","","","","","","","",""
"6","6.5","6.5.2","EG_TBA_H2COAQ","Proportion of transboundary aquifers with an operational arrangement for water cooperation (%)","203","Czechia","A","G","PERCENT","100","","100","","100","","","","","","","","","","","","","","","","","","","","","","","","","","","","","","","","","","","","",""
"6","6.5","6.5.2","EG_TBA_H2COAQ","Proportion of transboundary aquifers with an operational arrangement for water cooperation (%)","408","Democratic People's Republic of Korea","O","G","PERCENT","NaN","","NaN","","NaN","","","","","","","","","","","","","","","","","","","","","","","","","","","","","","","","","","","","",""
"6","6.5","6.5.2","EG_TBA_H2COAQ","Proportion of transboundary aquifers with an operational arrangement for water cooperation (%)","180","Democratic Republic of the Congo","A","G","PERCENT","","","","","0","","","","","","","","","","","","","","","","","","","","","","","","","","","","","","","","","","","","",""
"6","6.5","6.5.2","EG_TBA_H2COAQ","Proportion of transboundary aquifers with an operational arrangement for water cooperation (%)","180","Democratic Republic of the Congo","O","G","PERCENT","NaN","","NaN","","","","","","","","","","","","","","","","","","","","","","","","","","","","","","","","","","","","","","",""
"6","6.5","6.5.2","EG_TBA_H2COAQ","Proportion of transboundary aquifers with an operational arrangement for water cooperation (%)","208","Denmark","M","G","PERCENT","","","NaN","","NaN","","","","","","","","","","","","","","","","","","","","","","","","","","","","","","","","","","","","",""
"6","6.5","6.5.2","EG_TBA_H2COAQ","Proportion of transboundary aquifers with an operational arrangement for water cooperation (%)","208","Denmark","O","G","PERCENT","NaN","","","","","","","","","","","","","","","","","","","","","","","","","","","","","","","","","","","","","","","","",""
"6","6.5","6.5.2","EG_TBA_H2COAQ","Proportion of transboundary aquifers with an operational arrangement for water cooperation (%)","262","Djibouti","O","G","PERCENT","NaN","","NaN","","NaN","","","","","","","","","","","","","","","","","","","","","","","","","","","","","","","","","","","","",""
"6","6.5","6.5.2","EG_TBA_H2COAQ","Proportion of transboundary aquifers with an operational arrangement for water cooperation (%)","212","Dominica","M","G","PERCENT","NaN","","NaN","","NaN","","","","","","","","","","","","","","","","","","","","","","","","","","","","","","","","","","","","",""
"6","6.5","6.5.2","EG_TBA_H2COAQ","Proportion of transboundary aquifers with an operational arrangement for water cooperation (%)","214","Dominican Republic","A","G","PERCENT","0","","0","","0","","","","","","","","","","","","","","","","","","","","","","","","","","","","","","","","","","","","",""
"6","6.5","6.5.2","EG_TBA_H2COAQ","Proportion of transboundary aquifers with an operational arrangement for water cooperation (%)","218","Ecuador","A","G","PERCENT","100","","100","","","","","","","","","","","","","","","","","","","","","","","","","","","","","","","","","","","","","","",""
"6","6.5","6.5.2","EG_TBA_H2COAQ","Proportion of transboundary aquifers with an operational arrangement for water cooperation (%)","218","Ecuador","O","G","PERCENT","","","","","NaN","","","","","","","","","","","","","","","","","","","","","","","","","","","","","","","","","","","","",""
"6","6.5","6.5.2","EG_TBA_H2COAQ","Proportion of transboundary aquifers with an operational arrangement for water cooperation (%)","818","Egypt","O","G","PERCENT","NaN","","NaN","","NaN","","","","","","","","","","","","","","","","","","","","","","","","","","","","","","","","","","","","",""
"6","6.5","6.5.2","EG_TBA_H2COAQ","Proportion of transboundary aquifers with an operational arrangement for water cooperation (%)","222","El Salvador","A","G","PERCENT","0","","0.64","","0.64","","","","","","","","","","","","","","","","","","","","","","","","","","","","","","","","","","","","",""
"6","6.5","6.5.2","EG_TBA_H2COAQ","Proportion of transboundary aquifers with an operational arrangement for water cooperation (%)","226","Equatorial Guinea","M","G","PERCENT","NaN","","NaN","","NaN","","","","","","","","","","","","","","","","","","","","","","","","","","","","","","","","","","","","",""
"6","6.5","6.5.2","EG_TBA_H2COAQ","Proportion of transboundary aquifers with an operational arrangement for water cooperation (%)","232","Eritrea","O","G","PERCENT","NaN","","NaN","","NaN","","","","","","","","","","","","","","","","","","","","","","","","","","","","","","","","","","","","",""
"6","6.5","6.5.2","EG_TBA_H2COAQ","Proportion of transboundary aquifers with an operational arrangement for water cooperation (%)","233","Estonia","A","G","PERCENT","100","","100","","100","","","","","","","","","","","","","","","","","","","","","","","","","","","","","","","","","","","","",""
"6","6.5","6.5.2","EG_TBA_H2COAQ","Proportion of transboundary aquifers with an operational arrangement for water cooperation (%)","748","Eswatini","A","G","PERCENT","","","0","","8.14","","","","","","","","","","","","","","","","","","","","","","","","","","","","","","","","","","","","",""
"6","6.5","6.5.2","EG_TBA_H2COAQ","Proportion of transboundary aquifers with an operational arrangement for water cooperation (%)","748","Eswatini","O","G","PERCENT","NaN","","","","","","","","","","","","","","","","","","","","","","","","","","","","","","","","","","","","","","","","",""
"6","6.5","6.5.2","EG_TBA_H2COAQ","Proportion of transboundary aquifers with an operational arrangement for water cooperation (%)","231","Ethiopia","A","G","PERCENT","","","","","0","","","","","","","","","","","","","","","","","","","","","","","","","","","","","","","","","","","","",""
"6","6.5","6.5.2","EG_TBA_H2COAQ","Proportion of transboundary aquifers with an operational arrangement for water cooperation (%)","231","Ethiopia","O","G","PERCENT","NaN","","NaN","","","","","","","","","","","","","","","","","","","","","","","","","","","","","","","","","","","","","","",""
"6","6.5","6.5.2","EG_TBA_H2COAQ","Proportion of transboundary aquifers with an operational arrangement for water cooperation (%)","238","Falkland Islands (Malvinas)","M","G","PERCENT","NaN","","NaN","","NaN","","","","","","","","","","","","","","","","","","","","","","","","","","","","","","","","","","","","",""
"6","6.5","6.5.2","EG_TBA_H2COAQ","Proportion of transboundary aquifers with an operational arrangement for water cooperation (%)","234","Faroe Islands","M","G","PERCENT","NaN","","NaN","","NaN","","","","","","","","","","","","","","","","","","","","","","","","","","","","","","","","","","","","",""
"6","6.5","6.5.2","EG_TBA_H2COAQ","Proportion of transboundary aquifers with an operational arrangement for water cooperation (%)","242","Fiji","M","G","PERCENT","NaN","","NaN","","NaN","","","","","","","","","","","","","","","","","","","","","","","","","","","","","","","","","","","","",""
"6","6.5","6.5.2","EG_TBA_H2COAQ","Proportion of transboundary aquifers with an operational arrangement for water cooperation (%)","246","Finland","M","G","PERCENT","NaN","","NaN","","NaN","","","","","","","","","","","","","","","","","","","","","","","","","","","","","","","","","","","","",""
"6","6.5","6.5.2","EG_TBA_H2COAQ","Proportion of transboundary aquifers with an operational arrangement for water cooperation (%)","250","France","A","G","PERCENT","","","","","100","","","","","","","","","","","","","","","","","","","","","","","","","","","","","","","","","","","","",""
"6","6.5","6.5.2","EG_TBA_H2COAQ","Proportion of transboundary aquifers with an operational arrangement for water cooperation (%)","250","France","M","G","PERCENT","","","NaN","","","","","","","","","","","","","","","","","","","","","","","","","","","","","","","","","","","","","","",""
"6","6.5","6.5.2","EG_TBA_H2COAQ","Proportion of transboundary aquifers with an operational arrangement for water cooperation (%)","250","France","O","G","PERCENT","NaN","","","","","","","","","","","","","","","","","","","","","","","","","","","","","","","","","","","","","","","","",""
"6","6.5","6.5.2","EG_TBA_H2COAQ","Proportion of transboundary aquifers with an operational arrangement for water cooperation (%)","254","French Guiana","M","G","PERCENT","NaN","","NaN","","NaN","","","","","","","","","","","","","","","","","","","","","","","","","","","","","","","","","","","","",""
"6","6.5","6.5.2","EG_TBA_H2COAQ","Proportion of transboundary aquifers with an operational arrangement for water cooperation (%)","258","French Polynesia","M","G","PERCENT","NaN","","NaN","","NaN","","","","","","","","","","","","","","","","","","","","","","","","","","","","","","","","","","","","",""
"6","6.5","6.5.2","EG_TBA_H2COAQ","Proportion of transboundary aquifers with an operational arrangement for water cooperation (%)","260","French Southern Territories","M","G","PERCENT","NaN","","NaN","","NaN","","","","","","","","","","","","","","","","","","","","","","","","","","","","","","","","","","","","",""
"6","6.5","6.5.2","EG_TBA_H2COAQ","Proportion of transboundary aquifers with an operational arrangement for water cooperation (%)","266","Gabon","A","G","PERCENT","0","","0","","","","","","","","","","","","","","","","","","","","","","","","","","","","","","","","","","","","","","",""
"6","6.5","6.5.2","EG_TBA_H2COAQ","Proportion of transboundary aquifers with an operational arrangement for water cooperation (%)","266","Gabon","O","G","PERCENT","","","","","NaN","","","","","","","","","","","","","","","","","","","","","","","","","","","","","","","","","","","","",""
"6","6.5","6.5.2","EG_TBA_H2COAQ","Proportion of transboundary aquifers with an operational arrangement for water cooperation (%)","270","Gambia","A","G","PERCENT","0","","0","","100","","","","","","","","","","","","","","","","","","","","","","","","","","","","","","","","","","","","",""
"6","6.5","6.5.2","EG_TBA_H2COAQ","Proportion of transboundary aquifers with an operational arrangement for water cooperation (%)","268","Georgia","A","G","PERCENT","0","","0","","0","","","","","","","","","","","","","","","","","","","","","","","","","","","","","","","","","","","","",""
"6","6.5","6.5.2","EG_TBA_H2COAQ","Proportion of transboundary aquifers with an operational arrangement for water cooperation (%)","276","Germany","A","G","PERCENT","100","","100","","100","","","","","","","","","","","","","","","","","","","","","","","","","","","","","","","","","","","","",""
"6","6.5","6.5.2","EG_TBA_H2COAQ","Proportion of transboundary aquifers with an operational arrangement for water cooperation (%)","288","Ghana","A","G","PERCENT","95.68","","95.68","","95.68","","","","","","","","","","","","","","","","","","","","","","","","","","","","","","","","","","","","",""
"6","6.5","6.5.2","EG_TBA_H2COAQ","Proportion of transboundary aquifers with an operational arrangement for water cooperation (%)","292","Gibraltar","M","G","PERCENT","NaN","","NaN","","NaN","","","","","","","","","","","","","","","","","","","","","","","","","","","","","","","","","","","","",""
"6","6.5","6.5.2","EG_TBA_H2COAQ","Proportion of transboundary aquifers with an operational arrangement for water cooperation (%)","300","Greece","A","G","PERCENT","","1","1.03","","45.40","","","","","","","","","","","","","","","","","","","","","","","","","","","","","","","","","","","","",""
"6","6.5","6.5.2","EG_TBA_H2COAQ","Proportion of transboundary aquifers with an operational arrangement for water cooperation (%)","304","Greenland","M","G","PERCENT","NaN","","NaN","","NaN","","","","","","","","","","","","","","","","","","","","","","","","","","","","","","","","","","","","",""
"6","6.5","6.5.2","EG_TBA_H2COAQ","Proportion of transboundary aquifers with an operational arrangement for water cooperation (%)","308","Grenada","M","G","PERCENT","NaN","","NaN","","NaN","","","","","","","","","","","","","","","","","","","","","","","","","","","","","","","","","","","","",""
"6","6.5","6.5.2","EG_TBA_H2COAQ","Proportion of transboundary aquifers with an operational arrangement for water cooperation (%)","312","Guadeloupe","M","G","PERCENT","NaN","","NaN","","NaN","","","","","","","","","","","","","","","","","","","","","","","","","","","","","","","","","","","","",""
"6","6.5","6.5.2","EG_TBA_H2COAQ","Proportion of transboundary aquifers with an operational arrangement for water cooperation (%)","316","Guam","M","G","PERCENT","NaN","","NaN","","NaN","","","","","","","","","","","","","","","","","","","","","","","","","","","","","","","","","","","","",""
"6","6.5","6.5.2","EG_TBA_H2COAQ","Proportion of transboundary aquifers with an operational arrangement for water cooperation (%)","320","Guatemala","O","G","PERCENT","NaN","","NaN","","NaN","","","","","","","","","","","","","","","","","","","","","","","","","","","","","","","","","","","","",""
"6","6.5","6.5.2","EG_TBA_H2COAQ","Proportion of transboundary aquifers with an operational arrangement for water cooperation (%)","831","Guernsey","M","G","PERCENT","NaN","","NaN","","NaN","","","","","","","","","","","","","","","","","","","","","","","","","","","","","","","","","","","","",""
"6","6.5","6.5.2","EG_TBA_H2COAQ","Proportion of transboundary aquifers with an operational arrangement for water cooperation (%)","324","Guinea","A","G","PERCENT","","","","","73.61","","","","","","","","","","","","","","","","","","","","","","","","","","","","","","","","","","","","",""
"6","6.5","6.5.2","EG_TBA_H2COAQ","Proportion of transboundary aquifers with an operational arrangement for water cooperation (%)","324","Guinea","O","G","PERCENT","NaN","","NaN","","","","","","","","","","","","","","","","","","","","","","","","","","","","","","","","","","","","","","",""
"6","6.5","6.5.2","EG_TBA_H2COAQ","Proportion of transboundary aquifers with an operational arrangement for water cooperation (%)","624","Guinea-Bissau","A","G","PERCENT","","","0","","100","","","","","","","","","","","","","","","","","","","","","","","","","","","","","","","","","","","","",""
"6","6.5","6.5.2","EG_TBA_H2COAQ","Proportion of transboundary aquifers with an operational arrangement for water cooperation (%)","624","Guinea-Bissau","O","G","PERCENT","NaN","","","","","","","","","","","","","","","","","","","","","","","","","","","","","","","","","","","","","","","","",""
"6","6.5","6.5.2","EG_TBA_H2COAQ","Proportion of transboundary aquifers with an operational arrangement for water cooperation (%)","328","Guyana","A","G","PERCENT","","","0","","0","","","","","","","","","","","","","","","","","","","","","","","","","","","","","","","","","","","","",""
"6","6.5","6.5.2","EG_TBA_H2COAQ","Proportion of transboundary aquifers with an operational arrangement for water cooperation (%)","328","Guyana","O","G","PERCENT","NaN","","","","","","","","","","","","","","","","","","","","","","","","","","","","","","","","","","","","","","","","",""
"6","6.5","6.5.2","EG_TBA_H2COAQ","Proportion of transboundary aquifers with an operational arrangement for water cooperation (%)","332","Haiti","O","G","PERCENT","NaN","","NaN","","NaN","","","","","","","","","","","","","","","","","","","","","","","","","","","","","","","","","","","","",""
"6","6.5","6.5.2","EG_TBA_H2COAQ","Proportion of transboundary aquifers with an operational arrangement for water cooperation (%)","334","Heard Island and McDonald Islands","M","G","PERCENT","NaN","","NaN","","NaN","","","","","","","","","","","","","","","","","","","","","","","","","","","","","","","","","","","","",""
"6","6.5","6.5.2","EG_TBA_H2COAQ","Proportion of transboundary aquifers with an operational arrangement for water cooperation (%)","336","Holy See","M","G","PERCENT","NaN","","NaN","","NaN","","","","","","","","","","","","","","","","","","","","","","","","","","","","","","","","","","","","",""
"6","6.5","6.5.2","EG_TBA_H2COAQ","Proportion of transboundary aquifers with an operational arrangement for water cooperation (%)","340","Honduras","A","G","PERCENT","0","","0","","0","","","","","","","","","","","","","","","","","","","","","","","","","","","","","","","","","","","","",""
"6","6.5","6.5.2","EG_TBA_H2COAQ","Proportion of transboundary aquifers with an operational arrangement for water cooperation (%)","348","Hungary","A","G","PERCENT","100","","100","","100","","","","","","","","","","","","","","","","","","","","","","","","","","","","","","","","","","","","",""
"6","6.5","6.5.2","EG_TBA_H2COAQ","Proportion of transboundary aquifers with an operational arrangement for water cooperation (%)","352","Iceland","M","G","PERCENT","NaN","","NaN","","NaN","","","","","","","","","","","","","","","","","","","","","","","","","","","","","","","","","","","","",""
"6","6.5","6.5.2","EG_TBA_H2COAQ","Proportion of transboundary aquifers with an operational arrangement for water cooperation (%)","356","India","O","G","PERCENT","NaN","","NaN","","NaN","","","","","","","","","","","","","","","","","","","","","","","","","","","","","","","","","","","","",""
"6","6.5","6.5.2","EG_TBA_H2COAQ","Proportion of transboundary aquifers with an operational arrangement for water cooperation (%)","360","Indonesia","A","G","PERCENT","","","0","","0","","","","","","","","","","","","","","","","","","","","","","","","","","","","","","","","","","","","",""
"6","6.5","6.5.2","EG_TBA_H2COAQ","Proportion of transboundary aquifers with an operational arrangement for water cooperation (%)","360","Indonesia","O","G","PERCENT","NaN","","","","","","","","","","","","","","","","","","","","","","","","","","","","","","","","","","","","","","","","",""
"6","6.5","6.5.2","EG_TBA_H2COAQ","Proportion of transboundary aquifers with an operational arrangement for water cooperation (%)","364","Iran (Islamic Republic of)","O","G","PERCENT","NaN","","NaN","","NaN","","","","","","","","","","","","","","","","","","","","","","","","","","","","","","","","","","","","",""
"6","6.5","6.5.2","EG_TBA_H2COAQ","Proportion of transboundary aquifers with an operational arrangement for water cooperation (%)","368","Iraq","A","G","PERCENT","0","","0","","0","","","","","","","","","","","","","","","","","","","","","","","","","","","","","","","","","","","","",""
"6","6.5","6.5.2","EG_TBA_H2COAQ","Proportion of transboundary aquifers with an operational arrangement for water cooperation (%)","372","Ireland","A","G","PERCENT","100","","100","","0","","","","","","","","","","","","","","","","","","","","","","","","","","","","","","","","","","","","",""
"6","6.5","6.5.2","EG_TBA_H2COAQ","Proportion of transboundary aquifers with an operational arrangement for water cooperation (%)","833","Isle of Man","M","G","PERCENT","NaN","","NaN","","NaN","","","","","","","","","","","","","","","","","","","","","","","","","","","","","","","","","","","","",""
"6","6.5","6.5.2","EG_TBA_H2COAQ","Proportion of transboundary aquifers with an operational arrangement for water cooperation (%)","376","Israel","O","G","PERCENT","NaN","","NaN","","NaN","","","","","","","","","","","","","","","","","","","","","","","","","","","","","","","","","","","","",""
"6","6.5","6.5.2","EG_TBA_H2COAQ","Proportion of transboundary aquifers with an operational arrangement for water cooperation (%)","380","Italy","A","G","PERCENT","100","","100","","100","","","","","","","","","","","","","","","","","","","","","","","","","","","","","","","","","","","","",""
"6","6.5","6.5.2","EG_TBA_H2COAQ","Proportion of transboundary aquifers with an operational arrangement for water cooperation (%)","388","Jamaica","M","G","PERCENT","NaN","","NaN","","NaN","","","","","","","","","","","","","","","","","","","","","","","","","","","","","","","","","","","","",""
"6","6.5","6.5.2","EG_TBA_H2COAQ","Proportion of transboundary aquifers with an operational arrangement for water cooperation (%)","392","Japan","M","G","PERCENT","NaN","","NaN","","NaN","","","","","","","","","","","","","","","","","","","","","","","","","","","","","","","","","","","","",""
"6","6.5","6.5.2","EG_TBA_H2COAQ","Proportion of transboundary aquifers with an operational arrangement for water cooperation (%)","832","Jersey","M","G","PERCENT","NaN","","NaN","","NaN","","","","","","","","","","","","","","","","","","","","","","","","","","","","","","","","","","","","",""
"6","6.5","6.5.2","EG_TBA_H2COAQ","Proportion of transboundary aquifers with an operational arrangement for water cooperation (%)","400","Jordan","A","G","PERCENT","13.91","","14.92","","23.82","","","","","","","","","","","","","","","","","","","","","","","","","","","","","","","","","","","","",""
"6","6.5","6.5.2","EG_TBA_H2COAQ","Proportion of transboundary aquifers with an operational arrangement for water cooperation (%)","398","Kazakhstan","A","G","PERCENT","0","","0","","0","","","","","","","","","","","","","","","","","","","","","","","","","","","","","","","","","","","","",""
"6","6.5","6.5.2","EG_TBA_H2COAQ","Proportion of transboundary aquifers with an operational arrangement for water cooperation (%)","404","Kenya","A","G","PERCENT","0","","0","","0","","","","","","","","","","","","","","","","","","","","","","","","","","","","","","","","","","","","",""
"6","6.5","6.5.2","EG_TBA_H2COAQ","Proportion of transboundary aquifers with an operational arrangement for water cooperation (%)","296","Kiribati","M","G","PERCENT","NaN","","NaN","","NaN","","","","","","","","","","","","","","","","","","","","","","","","","","","","","","","","","","","","",""
"6","6.5","6.5.2","EG_TBA_H2COAQ","Proportion of transboundary aquifers with an operational arrangement for water cooperation (%)","414","Kuwait","A","G","PERCENT","","","","","0","","","","","","","","","","","","","","","","","","","","","","","","","","","","","","","","","","","","",""
"6","6.5","6.5.2","EG_TBA_H2COAQ","Proportion of transboundary aquifers with an operational arrangement for water cooperation (%)","414","Kuwait","O","G","PERCENT","NaN","","NaN","","","","","","","","","","","","","","","","","","","","","","","","","","","","","","","","","","","","","","",""
"6","6.5","6.5.2","EG_TBA_H2COAQ","Proportion of transboundary aquifers with an operational arrangement for water cooperation (%)","417","Kyrgyzstan","A","G","PERCENT","","","0","","0","","","","","","","","","","","","","","","","","","","","","","","","","","","","","","","","","","","","",""
"6","6.5","6.5.2","EG_TBA_H2COAQ","Proportion of transboundary aquifers with an operational arrangement for water cooperation (%)","417","Kyrgyzstan","O","G","PERCENT","NaN","","","","","","","","","","","","","","","","","","","","","","","","","","","","","","","","","","","","","","","","",""
"6","6.5","6.5.2","EG_TBA_H2COAQ","Proportion of transboundary aquifers with an operational arrangement for water cooperation (%)","418","Lao People's Democratic Republic","O","G","PERCENT","NaN","","NaN","","NaN","","","","","","","","","","","","","","","","","","","","","","","","","","","","","","","","","","","","",""
"6","6.5","6.5.2","EG_TBA_H2COAQ","Proportion of transboundary aquifers with an operational arrangement for water cooperation (%)","428","Latvia","A","G","PERCENT","95.04","","94.52","","93.49","","","","","","","","","","","","","","","","","","","","","","","","","","","","","","","","","","","","",""
"6","6.5","6.5.2","EG_TBA_H2COAQ","Proportion of transboundary aquifers with an operational arrangement for water cooperation (%)","422","Lebanon","O","G","PERCENT","NaN","","NaN","","NaN","","","","","","","","","","","","","","","","","","","","","","","","","","","","","","","","","","","","",""
"6","6.5","6.5.2","EG_TBA_H2COAQ","Proportion of transboundary aquifers with an operational arrangement for water cooperation (%)","426","Lesotho","A","G","PERCENT","0","","0","","","","","","","","","","","","","","","","","","","","","","","","","","","","","","","","","","","","","","",""
"6","6.5","6.5.2","EG_TBA_H2COAQ","Proportion of transboundary aquifers with an operational arrangement for water cooperation (%)","426","Lesotho","O","G","PERCENT","","","","","NaN","","","","","","","","","","","","","","","","","","","","","","","","","","","","","","","","","","","","",""
"6","6.5","6.5.2","EG_TBA_H2COAQ","Proportion of transboundary aquifers with an operational arrangement for water cooperation (%)","430","Liberia","A","G","PERCENT","","","","","0","","","","","","","","","","","","","","","","","","","","","","","","","","","","","","","","","","","","",""
"6","6.5","6.5.2","EG_TBA_H2COAQ","Proportion of transboundary aquifers with an operational arrangement for water cooperation (%)","430","Liberia","O","G","PERCENT","NaN","","NaN","","","","","","","","","","","","","","","","","","","","","","","","","","","","","","","","","","","","","","",""
"6","6.5","6.5.2","EG_TBA_H2COAQ","Proportion of transboundary aquifers with an operational arrangement for water cooperation (%)","434","Libya","A","G","PERCENT","","","97.96","","97.96","","","","","","","","","","","","","","","","","","","","","","","","","","","","","","","","","","","","",""
"6","6.5","6.5.2","EG_TBA_H2COAQ","Proportion of transboundary aquifers with an operational arrangement for water cooperation (%)","434","Libya","O","G","PERCENT","NaN","","","","","","","","","","","","","","","","","","","","","","","","","","","","","","","","","","","","","","","","",""
"6","6.5","6.5.2","EG_TBA_H2COAQ","Proportion of transboundary aquifers with an operational arrangement for water cooperation (%)","438","Liechtenstein","A","G","PERCENT","","","100","","100","","","","","","","","","","","","","","","","","","","","","","","","","","","","","","","","","","","","",""
"6","6.5","6.5.2","EG_TBA_H2COAQ","Proportion of transboundary aquifers with an operational arrangement for water cooperation (%)","438","Liechtenstein","O","G","PERCENT","NaN","","","","","","","","","","","","","","","","","","","","","","","","","","","","","","","","","","","","","","","","",""
"6","6.5","6.5.2","EG_TBA_H2COAQ","Proportion of transboundary aquifers with an operational arrangement for water cooperation (%)","440","Lithuania","A","G","PERCENT","50.17","","50.17","","50.17","","","","","","","","","","","","","","","","","","","","","","","","","","","","","","","","","","","","",""
"6","6.5","6.5.2","EG_TBA_H2COAQ","Proportion of transboundary aquifers with an operational arrangement for water cooperation (%)","442","Luxembourg","A","G","PERCENT","100","","100","","100","","","","","","","","","","","","","","","","","","","","","","","","","","","","","","","","","","","","",""
"6","6.5","6.5.2","EG_TBA_H2COAQ","Proportion of transboundary aquifers with an operational arrangement for water cooperation (%)","450","Madagascar","M","G","PERCENT","NaN","","NaN","","NaN","","","","","","","","","","","","","","","","","","","","","","","","","","","","","","","","","","","","",""
"6","6.5","6.5.2","EG_TBA_H2COAQ","Proportion of transboundary aquifers with an operational arrangement for water cooperation (%)","454","Malawi","A","G","PERCENT","","","4.45","","4.45","","","","","","","","","","","","","","","","","","","","","","","","","","","","","","","","","","","","",""
"6","6.5","6.5.2","EG_TBA_H2COAQ","Proportion of transboundary aquifers with an operational arrangement for water cooperation (%)","454","Malawi","O","G","PERCENT","NaN","","","","","","","","","","","","","","","","","","","","","","","","","","","","","","","","","","","","","","","","",""
"6","6.5","6.5.2","EG_TBA_H2COAQ","Proportion of transboundary aquifers with an operational arrangement for water cooperation (%)","458","Malaysia","A","G","PERCENT","","","0","","0","","","","","","","","","","","","","","","","","","","","","","","","","","","","","","","","","","","","",""
"6","6.5","6.5.2","EG_TBA_H2COAQ","Proportion of transboundary aquifers with an operational arrangement for water cooperation (%)","458","Malaysia","O","G","PERCENT","NaN","","","","","","","","","","","","","","","","","","","","","","","","","","","","","","","","","","","","","","","","",""
"6","6.5","6.5.2","EG_TBA_H2COAQ","Proportion of transboundary aquifers with an operational arrangement for water cooperation (%)","462","Maldives","M","G","PERCENT","NaN","","NaN","","NaN","","","","","","","","","","","","","","","","","","","","","","","","","","","","","","","","","","","","",""
"6","6.5","6.5.2","EG_TBA_H2COAQ","Proportion of transboundary aquifers with an operational arrangement for water cooperation (%)","466","Mali","A","G","PERCENT","60.67","","60.67","","","","","","","","","","","","","","","","","","","","","","","","","","","","","","","","","","","","","","",""
"6","6.5","6.5.2","EG_TBA_H2COAQ","Proportion of transboundary aquifers with an operational arrangement for water cooperation (%)","466","Mali","O","G","PERCENT","","","","","NaN","","","","","","","","","","","","","","","","","","","","","","","","","","","","","","","","","","","","",""
"6","6.5","6.5.2","EG_TBA_H2COAQ","Proportion of transboundary aquifers with an operational arrangement for water cooperation (%)","470","Malta","M","G","PERCENT","NaN","","NaN","","NaN","","","","","","","","","","","","","","","","","","","","","","","","","","","","","","","","","","","","",""
"6","6.5","6.5.2","EG_TBA_H2COAQ","Proportion of transboundary aquifers with an operational arrangement for water cooperation (%)","584","Marshall Islands","M","G","PERCENT","NaN","","NaN","","NaN","","","","","","","","","","","","","","","","","","","","","","","","","","","","","","","","","","","","",""
"6","6.5","6.5.2","EG_TBA_H2COAQ","Proportion of transboundary aquifers with an operational arrangement for water cooperation (%)","474","Martinique","M","G","PERCENT","NaN","","NaN","","NaN","","","","","","","","","","","","","","","","","","","","","","","","","","","","","","","","","","","","",""
"6","6.5","6.5.2","EG_TBA_H2COAQ","Proportion of transboundary aquifers with an operational arrangement for water cooperation (%)","478","Mauritania","A","G","PERCENT","","","","","17.87","","","","","","","","","","","","","","","","","","","","","","","","","","","","","","","","","","","","",""
"6","6.5","6.5.2","EG_TBA_H2COAQ","Proportion of transboundary aquifers with an operational arrangement for water cooperation (%)","478","Mauritania","O","G","PERCENT","NaN","","NaN","","","","","","","","","","","","","","","","","","","","","","","","","","","","","","","","","","","","","","",""
"6","6.5","6.5.2","EG_TBA_H2COAQ","Proportion of transboundary aquifers with an operational arrangement for water cooperation (%)","480","Mauritius","M","G","PERCENT","NaN","","NaN","","NaN","","","","","","","","","","","","","","","","","","","","","","","","","","","","","","","","","","","","",""
"6","6.5","6.5.2","EG_TBA_H2COAQ","Proportion of transboundary aquifers with an operational arrangement for water cooperation (%)","175","Mayotte","M","G","PERCENT","NaN","","NaN","","NaN","","","","","","","","","","","","","","","","","","","","","","","","","","","","","","","","","","","","",""
"6","6.5","6.5.2","EG_TBA_H2COAQ","Proportion of transboundary aquifers with an operational arrangement for water cooperation (%)","484","Mexico","A","G","PERCENT","0","","21.67","","0","","","","","","","","","","","","","","","","","","","","","","","","","","","","","","","","","","","","",""
"6","6.5","6.5.2","EG_TBA_H2COAQ","Proportion of transboundary aquifers with an operational arrangement for water cooperation (%)","583","Micronesia (Federated States of)","M","G","PERCENT","NaN","","NaN","","NaN","","","","","","","","","","","","","","","","","","","","","","","","","","","","","","","","","","","","",""
"6","6.5","6.5.2","EG_TBA_H2COAQ","Proportion of transboundary aquifers with an operational arrangement for water cooperation (%)","492","Monaco","M","G","PERCENT","NaN","","NaN","","NaN","","","","","","","","","","","","","","","","","","","","","","","","","","","","","","","","","","","","",""
"6","6.5","6.5.2","EG_TBA_H2COAQ","Proportion of transboundary aquifers with an operational arrangement for water cooperation (%)","496","Mongolia","A","G","PERCENT","","","100","","100","","","","","","","","","","","","","","","","","","","","","","","","","","","","","","","","","","","","",""
"6","6.5","6.5.2","EG_TBA_H2COAQ","Proportion of transboundary aquifers with an operational arrangement for water cooperation (%)","496","Mongolia","O","G","PERCENT","NaN","","","","","","","","","","","","","","","","","","","","","","","","","","","","","","","","","","","","","","","","",""
"6","6.5","6.5.2","EG_TBA_H2COAQ","Proportion of transboundary aquifers with an operational arrangement for water cooperation (%)","499","Montenegro","A","G","PERCENT","0","","20.19","","21.47","","","","","","","","","","","","","","","","","","","","","","","","","","","","","","","","","","","","",""
"6","6.5","6.5.2","EG_TBA_H2COAQ","Proportion of transboundary aquifers with an operational arrangement for water cooperation (%)","500","Montserrat","M","G","PERCENT","NaN","","NaN","","NaN","","","","","","","","","","","","","","","","","","","","","","","","","","","","","","","","","","","","",""
"6","6.5","6.5.2","EG_TBA_H2COAQ","Proportion of transboundary aquifers with an operational arrangement for water cooperation (%)","504","Morocco","A","G","PERCENT","0","","0","","0","","","","","","","","","","","","","","","","","","","","","","","","","","","","","","","","","","","","",""
"6","6.5","6.5.2","EG_TBA_H2COAQ","Proportion of transboundary aquifers with an operational arrangement for water cooperation (%)","508","Mozambique","O","G","PERCENT","NaN","","NaN","","NaN","","","","","","","","","","","","","","","","","","","","","","","","","","","","","","","","","","","","",""
"6","6.5","6.5.2","EG_TBA_H2COAQ","Proportion of transboundary aquifers with an operational arrangement for water cooperation (%)","104","Myanmar","A","G","PERCENT","","","0","","0","","","","","","","","","","","","","","","","","","","","","","","","","","","","","","","","","","","","",""
"6","6.5","6.5.2","EG_TBA_H2COAQ","Proportion of transboundary aquifers with an operational arrangement for water cooperation (%)","104","Myanmar","O","G","PERCENT","NaN","","","","","","","","","","","","","","","","","","","","","","","","","","","","","","","","","","","","","","","","",""
"6","6.5","6.5.2","EG_TBA_H2COAQ","Proportion of transboundary aquifers with an operational arrangement for water cooperation (%)","516","Namibia","A","G","PERCENT","100","","100","","100","","","","","","","","","","","","","","","","","","","","","","","","","","","","","","","","","","","","",""
"6","6.5","6.5.2","EG_TBA_H2COAQ","Proportion of transboundary aquifers with an operational arrangement for water cooperation (%)","520","Nauru","M","G","PERCENT","NaN","","NaN","","NaN","","","","","","","","","","","","","","","","","","","","","","","","","","","","","","","","","","","","",""
"6","6.5","6.5.2","EG_TBA_H2COAQ","Proportion of transboundary aquifers with an operational arrangement for water cooperation (%)","524","Nepal","A","G","PERCENT","","","","","0","","","","","","","","","","","","","","","","","","","","","","","","","","","","","","","","","","","","",""
"6","6.5","6.5.2","EG_TBA_H2COAQ","Proportion of transboundary aquifers with an operational arrangement for water cooperation (%)","524","Nepal","O","G","PERCENT","NaN","","NaN","","","","","","","","","","","","","","","","","","","","","","","","","","","","","","","","","","","","","","",""
"6","6.5","6.5.2","EG_TBA_H2COAQ","Proportion of transboundary aquifers with an operational arrangement for water cooperation (%)","528","Netherlands (Kingdom of the)","A","G","PERCENT","100","","100","","100","","","","","","","","","","","","","","","","","","","","","","","","","","","","","","","","","","","","",""
"6","6.5","6.5.2","EG_TBA_H2COAQ","Proportion of transboundary aquifers with an operational arrangement for water cooperation (%)","540","New Caledonia","M","G","PERCENT","NaN","","NaN","","NaN","","","","","","","","","","","","","","","","","","","","","","","","","","","","","","","","","","","","",""
"6","6.5","6.5.2","EG_TBA_H2COAQ","Proportion of transboundary aquifers with an operational arrangement for water cooperation (%)","554","New Zealand","M","G","PERCENT","NaN","","NaN","","NaN","","","","","","","","","","","","","","","","","","","","","","","","","","","","","","","","","","","","",""
"6","6.5","6.5.2","EG_TBA_H2COAQ","Proportion of transboundary aquifers with an operational arrangement for water cooperation (%)","558","Nicaragua","A","G","PERCENT","","","","","0","","","","","","","","","","","","","","","","","","","","","","","","","","","","","","","","","","","","",""
"6","6.5","6.5.2","EG_TBA_H2COAQ","Proportion of transboundary aquifers with an operational arrangement for water cooperation (%)","558","Nicaragua","O","G","PERCENT","NaN","","NaN","","","","","","","","","","","","","","","","","","","","","","","","","","","","","","","","","","","","","","",""
"6","6.5","6.5.2","EG_TBA_H2COAQ","Proportion of transboundary aquifers with an operational arrangement for water cooperation (%)","562","Niger","A","G","PERCENT","74.99","","81.23","","81.23","","","","","","","","","","","","","","","","","","","","","","","","","","","","","","","","","","","","",""
"6","6.5","6.5.2","EG_TBA_H2COAQ","Proportion of transboundary aquifers with an operational arrangement for water cooperation (%)","566","Nigeria","A","G","PERCENT","","","","","96.71","","","","","","","","","","","","","","","","","","","","","","","","","","","","","","","","","","","","",""
"6","6.5","6.5.2","EG_TBA_H2COAQ","Proportion of transboundary aquifers with an operational arrangement for water cooperation (%)","566","Nigeria","O","G","PERCENT","NaN","","NaN","","","","","","","","","","","","","","","","","","","","","","","","","","","","","","","","","","","","","","",""
"6","6.5","6.5.2","EG_TBA_H2COAQ","Proportion of transboundary aquifers with an operational arrangement for water cooperation (%)","570","Niue","M","G","PERCENT","NaN","","NaN","","NaN","","","","","","","","","","","","","","","","","","","","","","","","","","","","","","","","","","","","",""
"6","6.5","6.5.2","EG_TBA_H2COAQ","Proportion of transboundary aquifers with an operational arrangement for water cooperation (%)","574","Norfolk Island","M","G","PERCENT","NaN","","NaN","","NaN","","","","","","","","","","","","","","","","","","","","","","","","","","","","","","","","","","","","",""
"6","6.5","6.5.2","EG_TBA_H2COAQ","Proportion of transboundary aquifers with an operational arrangement for water cooperation (%)","807","North Macedonia","A","G","PERCENT","","","12.22","","12.22","","","","","","","","","","","","","","","","","","","","","","","","","","","","","","","","","","","","",""
"6","6.5","6.5.2","EG_TBA_H2COAQ","Proportion of transboundary aquifers with an operational arrangement for water cooperation (%)","807","North Macedonia","O","G","PERCENT","NaN","","","","","","","","","","","","","","","","","","","","","","","","","","","","","","","","","","","","","","","","",""
"6","6.5","6.5.2","EG_TBA_H2COAQ","Proportion of transboundary aquifers with an operational arrangement for water cooperation (%)","580","Northern Mariana Islands","M","G","PERCENT","NaN","","NaN","","NaN","","","","","","","","","","","","","","","","","","","","","","","","","","","","","","","","","","","","",""
"6","6.5","6.5.2","EG_TBA_H2COAQ","Proportion of transboundary aquifers with an operational arrangement for water cooperation (%)","578","Norway","A","G","PERCENT","54.41","","88.31","","88.31","","","","","","","","","","","","","","","","","","","","","","","","","","","","","","","","","","","","",""
"6","6.5","6.5.2","EG_TBA_H2COAQ","Proportion of transboundary aquifers with an operational arrangement for water cooperation (%)","512","Oman","A","G","PERCENT","","","","","0","","","","","","","","","","","","","","","","","","","","","","","","","","","","","","","","","","","","",""
"6","6.5","6.5.2","EG_TBA_H2COAQ","Proportion of transboundary aquifers with an operational arrangement for water cooperation (%)","512","Oman","O","G","PERCENT","NaN","","NaN","","","","","","","","","","","","","","","","","","","","","","","","","","","","","","","","","","","","","","",""
"6","6.5","6.5.2","EG_TBA_H2COAQ","Proportion of transboundary aquifers with an operational arrangement for water cooperation (%)","586","Pakistan","O","G","PERCENT","NaN","","NaN","","NaN","","","","","","","","","","","","","","","","","","","","","","","","","","","","","","","","","","","","",""
"6","6.5","6.5.2","EG_TBA_H2COAQ","Proportion of transboundary aquifers with an operational arrangement for water cooperation (%)","585","Palau","M","G","PERCENT","NaN","","NaN","","NaN","","","","","","","","","","","","","","","","","","","","","","","","","","","","","","","","","","","","",""
"6","6.5","6.5.2","EG_TBA_H2COAQ","Proportion of transboundary aquifers with an operational arrangement for water cooperation (%)","591","Panama","A","G","PERCENT","","0","0","","100","","","","","","","","","","","","","","","","","","","","","","","","","","","","","","","","","","","","",""
"6","6.5","6.5.2","EG_TBA_H2COAQ","Proportion of transboundary aquifers with an operational arrangement for water cooperation (%)","598","Papua New Guinea","O","G","PERCENT","NaN","","NaN","","NaN","","","","","","","","","","","","","","","","","","","","","","","","","","","","","","","","","","","","",""
"6","6.5","6.5.2","EG_TBA_H2COAQ","Proportion of transboundary aquifers with an operational arrangement for water cooperation (%)","600","Paraguay","A","G","PERCENT","0","","0","","0","","","","","","","","","","","","","","","","","","","","","","","","","","","","","","","","","","","","",""
"6","6.5","6.5.2","EG_TBA_H2COAQ","Proportion of transboundary aquifers with an operational arrangement for water cooperation (%)","604","Peru","O","G","PERCENT","NaN","","NaN","","NaN","","","","","","","","","","","","","","","","","","","","","","","","","","","","","","","","","","","","",""
"6","6.5","6.5.2","EG_TBA_H2COAQ","Proportion of transboundary aquifers with an operational arrangement for water cooperation (%)","608","Philippines","M","G","PERCENT","NaN","","NaN","","NaN","","","","","","","","","","","","","","","","","","","","","","","","","","","","","","","","","","","","",""
"6","6.5","6.5.2","EG_TBA_H2COAQ","Proportion of transboundary aquifers with an operational arrangement for water cooperation (%)","612","Pitcairn","M","G","PERCENT","NaN","","NaN","","NaN","","","","","","","","","","","","","","","","","","","","","","","","","","","","","","","","","","","","",""
"6","6.5","6.5.2","EG_TBA_H2COAQ","Proportion of transboundary aquifers with an operational arrangement for water cooperation (%)","616","Poland","A","G","PERCENT","100","","100","","66.51","","","","","","","","","","","","","","","","","","","","","","","","","","","","","","","","","","","","",""
"6","6.5","6.5.2","EG_TBA_H2COAQ","Proportion of transboundary aquifers with an operational arrangement for water cooperation (%)","620","Portugal","M","G","PERCENT","","","NaN","","NaN","","","","","","","","","","","","","","","","","","","","","","","","","","","","","","","","","","","","",""
"6","6.5","6.5.2","EG_TBA_H2COAQ","Proportion of transboundary aquifers with an operational arrangement for water cooperation (%)","620","Portugal","O","G","PERCENT","NaN","","","","","","","","","","","","","","","","","","","","","","","","","","","","","","","","","","","","","","","","",""
"6","6.5","6.5.2","EG_TBA_H2COAQ","Proportion of transboundary aquifers with an operational arrangement for water cooperation (%)","630","Puerto Rico","M","G","PERCENT","NaN","","NaN","","NaN","","","","","","","","","","","","","","","","","","","","","","","","","","","","","","","","","","","","",""
"6","6.5","6.5.2","EG_TBA_H2COAQ","Proportion of transboundary aquifers with an operational arrangement for water cooperation (%)","634","Qatar","A","G","PERCENT","0","","0","","","","","","","","","","","","","","","","","","","","","","","","","","","","","","","","","","","","","","",""
"6","6.5","6.5.2","EG_TBA_H2COAQ","Proportion of transboundary aquifers with an operational arrangement for water cooperation (%)","634","Qatar","M","G","PERCENT","","","","","NaN","","","","","","","","","","","","","","","","","","","","","","","","","","","","","","","","","","","","",""
"6","6.5","6.5.2","EG_TBA_H2COAQ","Proportion of transboundary aquifers with an operational arrangement for water cooperation (%)","410","Republic of Korea","A","G","PERCENT","0","","0","","0","","","","","","","","","","","","","","","","","","","","","","","","","","","","","","","","","","","","",""
"6","6.5","6.5.2","EG_TBA_H2COAQ","Proportion of transboundary aquifers with an operational arrangement for water cooperation (%)","498","Republic of Moldova","A","G","PERCENT","","100","100","","100","","","","","","","","","","","","","","","","","","","","","","","","","","","","","","","","","","","","",""
"6","6.5","6.5.2","EG_TBA_H2COAQ","Proportion of transboundary aquifers with an operational arrangement for water cooperation (%)","638","Réunion","M","G","PERCENT","NaN","","NaN","","NaN","","","","","","","","","","","","","","","","","","","","","","","","","","","","","","","","","","","","",""
"6","6.5","6.5.2","EG_TBA_H2COAQ","Proportion of transboundary aquifers with an operational arrangement for water cooperation (%)","642","Romania","A","G","PERCENT","100","","100","","100","","","","","","","","","","","","","","","","","","","","","","","","","","","","","","","","","","","","",""
"6","6.5","6.5.2","EG_TBA_H2COAQ","Proportion of transboundary aquifers with an operational arrangement for water cooperation (%)","643","Russian Federation","O","G","PERCENT","NaN","","","NaN","NaN","","","","","","","","","","","","","","","","","","","","","","","","","","","","","","","","","","","","",""
"6","6.5","6.5.2","EG_TBA_H2COAQ","Proportion of transboundary aquifers with an operational arrangement for water cooperation (%)","646","Rwanda","A","G","PERCENT","","","0","","100","","","","","","","","","","","","","","","","","","","","","","","","","","","","","","","","","","","","",""
"6","6.5","6.5.2","EG_TBA_H2COAQ","Proportion of transboundary aquifers with an operational arrangement for water cooperation (%)","646","Rwanda","O","G","PERCENT","NaN","","","","","","","","","","","","","","","","","","","","","","","","","","","","","","","","","","","","","","","","",""
"6","6.5","6.5.2","EG_TBA_H2COAQ","Proportion of transboundary aquifers with an operational arrangement for water cooperation (%)","652","Saint Barthélemy","M","G","PERCENT","NaN","","NaN","","NaN","","","","","","","","","","","","","","","","","","","","","","","","","","","","","","","","","","","","",""
"6","6.5","6.5.2","EG_TBA_H2COAQ","Proportion of transboundary aquifers with an operational arrangement for water cooperation (%)","654","Saint Helena","M","G","PERCENT","NaN","","NaN","","NaN","","","","","","","","","","","","","","","","","","","","","","","","","","","","","","","","","","","","",""
"6","6.5","6.5.2","EG_TBA_H2COAQ","Proportion of transboundary aquifers with an operational arrangement for water cooperation (%)","659","Saint Kitts and Nevis","M","G","PERCENT","NaN","","NaN","","NaN","","","","","","","","","","","","","","","","","","","","","","","","","","","","","","","","","","","","",""
"6","6.5","6.5.2","EG_TBA_H2COAQ","Proportion of transboundary aquifers with an operational arrangement for water cooperation (%)","662","Saint Lucia","M","G","PERCENT","NaN","","NaN","","NaN","","","","","","","","","","","","","","","","","","","","","","","","","","","","","","","","","","","","",""
"6","6.5","6.5.2","EG_TBA_H2COAQ","Proportion of transboundary aquifers with an operational arrangement for water cooperation (%)","663","Saint Martin (French Part)","M","G","PERCENT","NaN","","NaN","","NaN","","","","","","","","","","","","","","","","","","","","","","","","","","","","","","","","","","","","",""
"6","6.5","6.5.2","EG_TBA_H2COAQ","Proportion of transboundary aquifers with an operational arrangement for water cooperation (%)","666","Saint Pierre and Miquelon","M","G","PERCENT","NaN","","NaN","","NaN","","","","","","","","","","","","","","","","","","","","","","","","","","","","","","","","","","","","",""
"6","6.5","6.5.2","EG_TBA_H2COAQ","Proportion of transboundary aquifers with an operational arrangement for water cooperation (%)","670","Saint Vincent and the Grenadines","M","G","PERCENT","NaN","","NaN","","NaN","","","","","","","","","","","","","","","","","","","","","","","","","","","","","","","","","","","","",""
"6","6.5","6.5.2","EG_TBA_H2COAQ","Proportion of transboundary aquifers with an operational arrangement for water cooperation (%)","882","Samoa","M","G","PERCENT","NaN","","NaN","","NaN","","","","","","","","","","","","","","","","","","","","","","","","","","","","","","","","","","","","",""
"6","6.5","6.5.2","EG_TBA_H2COAQ","Proportion of transboundary aquifers with an operational arrangement for water cooperation (%)","674","San Marino","A","G","PERCENT","","","","","0","","","","","","","","","","","","","","","","","","","","","","","","","","","","","","","","","","","","",""
"6","6.5","6.5.2","EG_TBA_H2COAQ","Proportion of transboundary aquifers with an operational arrangement for water cooperation (%)","674","San Marino","O","G","PERCENT","NaN","","NaN","","","","","","","","","","","","","","","","","","","","","","","","","","","","","","","","","","","","","","",""
"6","6.5","6.5.2","EG_TBA_H2COAQ","Proportion of transboundary aquifers with an operational arrangement for water cooperation (%)","678","Sao Tome and Principe","M","G","PERCENT","NaN","","NaN","","NaN","","","","","","","","","","","","","","","","","","","","","","","","","","","","","","","","","","","","",""
"6","6.5","6.5.2","EG_TBA_H2COAQ","Proportion of transboundary aquifers with an operational arrangement for water cooperation (%)","682","Saudi Arabia","A","G","PERCENT","","","","","70.93","","","","","","","","","","","","","","","","","","","","","","","","","","","","","","","","","","","","",""
"6","6.5","6.5.2","EG_TBA_H2COAQ","Proportion of transboundary aquifers with an operational arrangement for water cooperation (%)","682","Saudi Arabia","O","G","PERCENT","NaN","","NaN","","","","","","","","","","","","","","","","","","","","","","","","","","","","","","","","","","","","","","",""
"6","6.5","6.5.2","EG_TBA_H2COAQ","Proportion of transboundary aquifers with an operational arrangement for water cooperation (%)","686","Senegal","A","G","PERCENT","0","","0","","100","","","","","","","","","","","","","","","","","","","","","","","","","","","","","","","","","","","","",""
"6","6.5","6.5.2","EG_TBA_H2COAQ","Proportion of transboundary aquifers with an operational arrangement for water cooperation (%)","688","Serbia","A","G","PERCENT","78.09","","73.73","","73.73","","","","","","","","","","","","","","","","","","","","","","","","","","","","","","","","","","","","",""
"6","6.5","6.5.2","EG_TBA_H2COAQ","Proportion of transboundary aquifers with an operational arrangement for water cooperation (%)","690","Seychelles","M","G","PERCENT","NaN","","NaN","","NaN","","","","","","","","","","","","","","","","","","","","","","","","","","","","","","","","","","","","",""
"6","6.5","6.5.2","EG_TBA_H2COAQ","Proportion of transboundary aquifers with an operational arrangement for water cooperation (%)","694","Sierra Leone","M","G","PERCENT","NaN","","NaN","","NaN","","","","","","","","","","","","","","","","","","","","","","","","","","","","","","","","","","","","",""
"6","6.5","6.5.2","EG_TBA_H2COAQ","Proportion of transboundary aquifers with an operational arrangement for water cooperation (%)","702","Singapore","M","G","PERCENT","NaN","","NaN","","NaN","","","","","","","","","","","","","","","","","","","","","","","","","","","","","","","","","","","","",""
"6","6.5","6.5.2","EG_TBA_H2COAQ","Proportion of transboundary aquifers with an operational arrangement for water cooperation (%)","534","Sint Maarten (Dutch part)","M","G","PERCENT","NaN","","NaN","","NaN","","","","","","","","","","","","","","","","","","","","","","","","","","","","","","","","","","","","",""
"6","6.5","6.5.2","EG_TBA_H2COAQ","Proportion of transboundary aquifers with an operational arrangement for water cooperation (%)","703","Slovakia","A","G","PERCENT","100","","21.94","","27.93","","","","","","","","","","","","","","","","","","","","","","","","","","","","","","","","","","","","",""
"6","6.5","6.5.2","EG_TBA_H2COAQ","Proportion of transboundary aquifers with an operational arrangement for water cooperation (%)","705","Slovenia","A","G","PERCENT","100","","100","","100","","","","","","","","","","","","","","","","","","","","","","","","","","","","","","","","","","","","",""
"6","6.5","6.5.2","EG_TBA_H2COAQ","Proportion of transboundary aquifers with an operational arrangement for water cooperation (%)","90","Solomon Islands","M","G","PERCENT","NaN","","NaN","","NaN","","","","","","","","","","","","","","","","","","","","","","","","","","","","","","","","","","","","",""
"6","6.5","6.5.2","EG_TBA_H2COAQ","Proportion of transboundary aquifers with an operational arrangement for water cooperation (%)","706","Somalia","A","G","PERCENT","0","","0","","0","","","","","","","","","","","","","","","","","","","","","","","","","","","","","","","","","","","","",""
"6","6.5","6.5.2","EG_TBA_H2COAQ","Proportion of transboundary aquifers with an operational arrangement for water cooperation (%)","710","South Africa","A","G","PERCENT","","","45.12","","72.91","","","","","","","","","","","","","","","","","","","","","","","","","","","","","","","","","","","","",""
"6","6.5","6.5.2","EG_TBA_H2COAQ","Proportion of transboundary aquifers with an operational arrangement for water cooperation (%)","710","South Africa","O","G","PERCENT","NaN","","","","","","","","","","","","","","","","","","","","","","","","","","","","","","","","","","","","","","","","",""
"6","6.5","6.5.2","EG_TBA_H2COAQ","Proportion of transboundary aquifers with an operational arrangement for water cooperation (%)","239","South Georgia and the South Sandwich Islands","M","G","PERCENT","NaN","","NaN","","NaN","","","","","","","","","","","","","","","","","","","","","","","","","","","","","","","","","","","","",""
"6","6.5","6.5.2","EG_TBA_H2COAQ","Proportion of transboundary aquifers with an operational arrangement for water cooperation (%)","728","South Sudan","A","G","PERCENT","","","","","0","","","","","","","","","","","","","","","","","","","","","","","","","","","","","","","","","","","","",""
"6","6.5","6.5.2","EG_TBA_H2COAQ","Proportion of transboundary aquifers with an operational arrangement for water cooperation (%)","728","South Sudan","O","G","PERCENT","NaN","","NaN","","","","","","","","","","","","","","","","","","","","","","","","","","","","","","","","","","","","","","",""
"6","6.5","6.5.2","EG_TBA_H2COAQ","Proportion of transboundary aquifers with an operational arrangement for water cooperation (%)","724","Spain","M","G","PERCENT","","","NaN","","NaN","","","","","","","","","","","","","","","","","","","","","","","","","","","","","","","","","","","","",""
"6","6.5","6.5.2","EG_TBA_H2COAQ","Proportion of transboundary aquifers with an operational arrangement for water cooperation (%)","724","Spain","O","G","PERCENT","NaN","","","","","","","","","","","","","","","","","","","","","","","","","","","","","","","","","","","","","","","","",""
"6","6.5","6.5.2","EG_TBA_H2COAQ","Proportion of transboundary aquifers with an operational arrangement for water cooperation (%)","144","Sri Lanka","M","G","PERCENT","NaN","","NaN","","NaN","","","","","","","","","","","","","","","","","","","","","","","","","","","","","","","","","","","","",""
"6","6.5","6.5.2","EG_TBA_H2COAQ","Proportion of transboundary aquifers with an operational arrangement for water cooperation (%)","275","State of Palestine","O","G","PERCENT","NaN","","NaN","","NaN","","","","","","","","","","","","","","","","","","","","","","","","","","","","","","","","","","","","",""
"6","6.5","6.5.2","EG_TBA_H2COAQ","Proportion of transboundary aquifers with an operational arrangement for water cooperation (%)","729","Sudan","O","G","PERCENT","NaN","","NaN","","NaN","","","","","","","","","","","","","","","","","","","","","","","","","","","","","","","","","","","","",""
"6","6.5","6.5.2","EG_TBA_H2COAQ","Proportion of transboundary aquifers with an operational arrangement for water cooperation (%)","740","Suriname","A","G","PERCENT","","","0","","0","","","","","","","","","","","","","","","","","","","","","","","","","","","","","","","","","","","","",""
"6","6.5","6.5.2","EG_TBA_H2COAQ","Proportion of transboundary aquifers with an operational arrangement for water cooperation (%)","740","Suriname","O","G","PERCENT","NaN","","","","","","","","","","","","","","","","","","","","","","","","","","","","","","","","","","","","","","","","",""
"6","6.5","6.5.2","EG_TBA_H2COAQ","Proportion of transboundary aquifers with an operational arrangement for water cooperation (%)","744","Svalbard and Jan Mayen Islands","M","G","PERCENT","NaN","","NaN","","NaN","","","","","","","","","","","","","","","","","","","","","","","","","","","","","","","","","","","","",""
"6","6.5","6.5.2","EG_TBA_H2COAQ","Proportion of transboundary aquifers with an operational arrangement for water cooperation (%)","752","Sweden","A","G","PERCENT","100","","100","","100","","","","","","","","","","","","","","","","","","","","","","","","","","","","","","","","","","","","",""
"6","6.5","6.5.2","EG_TBA_H2COAQ","Proportion of transboundary aquifers with an operational arrangement for water cooperation (%)","756","Switzerland","A","G","PERCENT","","","74.11","","74.11","","","","","","","","","","","","","","","","","","","","","","","","","","","","","","","","","","","","",""
"6","6.5","6.5.2","EG_TBA_H2COAQ","Proportion of transboundary aquifers with an operational arrangement for water cooperation (%)","756","Switzerland","O","G","PERCENT","NaN","","","","","","","","","","","","","","","","","","","","","","","","","","","","","","","","","","","","","","","","",""
"6","6.5","6.5.2","EG_TBA_H2COAQ","Proportion of transboundary aquifers with an operational arrangement for water cooperation (%)","760","Syrian Arab Republic","O","G","PERCENT","NaN","","NaN","","NaN","","","","","","","","","","","","","","","","","","","","","","","","","","","","","","","","","","","","",""
"6","6.5","6.5.2","EG_TBA_H2COAQ","Proportion of transboundary aquifers with an operational arrangement for water cooperation (%)","762","Tajikistan","O","G","PERCENT","NaN","","NaN","","NaN","","","","","","","","","","","","","","","","","","","","","","","","","","","","","","","","","","","","",""
"6","6.5","6.5.2","EG_TBA_H2COAQ","Proportion of transboundary aquifers with an operational arrangement for water cooperation (%)","764","Thailand","A","G","PERCENT","","","","","0","","","","","","","","","","","","","","","","","","","","","","","","","","","","","","","","","","","","",""
"6","6.5","6.5.2","EG_TBA_H2COAQ","Proportion of transboundary aquifers with an operational arrangement for water cooperation (%)","764","Thailand","O","G","PERCENT","NaN","","NaN","","","","","","","","","","","","","","","","","","","","","","","","","","","","","","","","","","","","","","",""
"6","6.5","6.5.2","EG_TBA_H2COAQ","Proportion of transboundary aquifers with an operational arrangement for water cooperation (%)","626","Timor-Leste","O","G","PERCENT","NaN","","NaN","","NaN","","","","","","","","","","","","","","","","","","","","","","","","","","","","","","","","","","","","",""
"6","6.5","6.5.2","EG_TBA_H2COAQ","Proportion of transboundary aquifers with an operational arrangement for water cooperation (%)","768","Togo","A","G","PERCENT","76.02","","76.02","","80.81","","","","","","","","","","","","","","","","","","","","","","","","","","","","","","","","","","","","",""
"6","6.5","6.5.2","EG_TBA_H2COAQ","Proportion of transboundary aquifers with an operational arrangement for water cooperation (%)","772","Tokelau","M","G","PERCENT","NaN","","NaN","","NaN","","","","","","","","","","","","","","","","","","","","","","","","","","","","","","","","","","","","",""
"6","6.5","6.5.2","EG_TBA_H2COAQ","Proportion of transboundary aquifers with an operational arrangement for water cooperation (%)","776","Tonga","M","G","PERCENT","NaN","","NaN","","NaN","","","","","","","","","","","","","","","","","","","","","","","","","","","","","","","","","","","","",""
"6","6.5","6.5.2","EG_TBA_H2COAQ","Proportion of transboundary aquifers with an operational arrangement for water cooperation (%)","780","Trinidad and Tobago","M","G","PERCENT","NaN","","NaN","","NaN","","","","","","","","","","","","","","","","","","","","","","","","","","","","","","","","","","","","",""
"6","6.5","6.5.2","EG_TBA_H2COAQ","Proportion of transboundary aquifers with an operational arrangement for water cooperation (%)","788","Tunisia","A","G","PERCENT","100","","100","","100","","","","","","","","","","","","","","","","","","","","","","","","","","","","","","","","","","","","",""
"6","6.5","6.5.2","EG_TBA_H2COAQ","Proportion of transboundary aquifers with an operational arrangement for water cooperation (%)","792","Türkiye","O","G","PERCENT","NaN","","NaN","","NaN","","","","","","","","","","","","","","","","","","","","","","","","","","","","","","","","","","","","",""
"6","6.5","6.5.2","EG_TBA_H2COAQ","Proportion of transboundary aquifers with an operational arrangement for water cooperation (%)","795","Turkmenistan","O","G","PERCENT","NaN","","NaN","","NaN","","","","","","","","","","","","","","","","","","","","","","","","","","","","","","","","","","","","",""
"6","6.5","6.5.2","EG_TBA_H2COAQ","Proportion of transboundary aquifers with an operational arrangement for water cooperation (%)","796","Turks and Caicos Islands","M","G","PERCENT","NaN","","NaN","","NaN","","","","","","","","","","","","","","","","","","","","","","","","","","","","","","","","","","","","",""
"6","6.5","6.5.2","EG_TBA_H2COAQ","Proportion of transboundary aquifers with an operational arrangement for water cooperation (%)","798","Tuvalu","M","G","PERCENT","NaN","","NaN","","NaN","","","","","","","","","","","","","","","","","","","","","","","","","","","","","","","","","","","","",""
"6","6.5","6.5.2","EG_TBA_H2COAQ","Proportion of transboundary aquifers with an operational arrangement for water cooperation (%)","800","Uganda","A","G","PERCENT","0","","0","","100","","","","","","","","","","","","","","","","","","","","","","","","","","","","","","","","","","","","",""
"6","6.5","6.5.2","EG_TBA_H2COAQ","Proportion of transboundary aquifers with an operational arrangement for water cooperation (%)","804","Ukraine","A","G","PERCENT","","","100","","63.76","","","","","","","","","","","","","","","","","","","","","","","","","","","","","","","","","","","","",""
"6","6.5","6.5.2","EG_TBA_H2COAQ","Proportion of transboundary aquifers with an operational arrangement for water cooperation (%)","804","Ukraine","O","G","PERCENT","NaN","","","","","","","","","","","","","","","","","","","","","","","","","","","","","","","","","","","","","","","","",""
"6","6.5","6.5.2","EG_TBA_H2COAQ","Proportion of transboundary aquifers with an operational arrangement for water cooperation (%)","784","United Arab Emirates","A","G","PERCENT","","","0","","0","","","","","","","","","","","","","","","","","","","","","","","","","","","","","","","","","","","","",""
"6","6.5","6.5.2","EG_TBA_H2COAQ","Proportion of transboundary aquifers with an operational arrangement for water cooperation (%)","784","United Arab Emirates","O","G","PERCENT","NaN","","","","","","","","","","","","","","","","","","","","","","","","","","","","","","","","","","","","","","","","",""
"6","6.5","6.5.2","EG_TBA_H2COAQ","Proportion of transboundary aquifers with an operational arrangement for water cooperation (%)","826","United Kingdom of Great Britain and Northern Ireland","A","G","PERCENT","0","","0","","0","","","","","","","","","","","","","","","","","","","","","","","","","","","","","","","","","","","","",""
"6","6.5","6.5.2","EG_TBA_H2COAQ","Proportion of transboundary aquifers with an operational arrangement for water cooperation (%)","834","United Republic of Tanzania","A","G","PERCENT","","","","","3.42","","","","","","","","","","","","","","","","","","","","","","","","","","","","","","","","","","","","",""
"6","6.5","6.5.2","EG_TBA_H2COAQ","Proportion of transboundary aquifers with an operational arrangement for water cooperation (%)","834","United Republic of Tanzania","O","G","PERCENT","NaN","","NaN","","","","","","","","","","","","","","","","","","","","","","","","","","","","","","","","","","","","","","",""
"6","6.5","6.5.2","EG_TBA_H2COAQ","Proportion of transboundary aquifers with an operational arrangement for water cooperation (%)","581","United States Minor Outlying Islands","M","G","PERCENT","NaN","","NaN","","NaN","","","","","","","","","","","","","","","","","","","","","","","","","","","","","","","","","","","","",""
"6","6.5","6.5.2","EG_TBA_H2COAQ","Proportion of transboundary aquifers with an operational arrangement for water cooperation (%)","840","United States of America","A","G","PERCENT","","","","","0","","","","","","","","","","","","","","","","","","","","","","","","","","","","","","","","","","","","",""
"6","6.5","6.5.2","EG_TBA_H2COAQ","Proportion of transboundary aquifers with an operational arrangement for water cooperation (%)","840","United States of America","O","G","PERCENT","NaN","","NaN","","","","","","","","","","","","","","","","","","","","","","","","","","","","","","","","","","","","","","",""
"6","6.5","6.5.2","EG_TBA_H2COAQ","Proportion of transboundary aquifers with an operational arrangement for water cooperation (%)","850","United States Virgin Islands","M","G","PERCENT","NaN","","NaN","","NaN","","","","","","","","","","","","","","","","","","","","","","","","","","","","","","","","","","","","",""
"6","6.5","6.5.2","EG_TBA_H2COAQ","Proportion of transboundary aquifers with an operational arrangement for water cooperation (%)","858","Uruguay","A","G","PERCENT","","","","","0","","","","","","","","","","","","","","","","","","","","","","","","","","","","","","","","","","","","",""
"6","6.5","6.5.2","EG_TBA_H2COAQ","Proportion of transboundary aquifers with an operational arrangement for water cooperation (%)","858","Uruguay","O","G","PERCENT","NaN","","NaN","","","","","","","","","","","","","","","","","","","","","","","","","","","","","","","","","","","","","","",""
"6","6.5","6.5.2","EG_TBA_H2COAQ","Proportion of transboundary aquifers with an operational arrangement for water cooperation (%)","860","Uzbekistan","A","G","PERCENT","","","0","","0","","","","","","","","","","","","","","","","","","","","","","","","","","","","","","","","","","","","",""
"6","6.5","6.5.2","EG_TBA_H2COAQ","Proportion of transboundary aquifers with an operational arrangement for water cooperation (%)","860","Uzbekistan","O","G","PERCENT","NaN","","","","","","","","","","","","","","","","","","","","","","","","","","","","","","","","","","","","","","","","",""
"6","6.5","6.5.2","EG_TBA_H2COAQ","Proportion of transboundary aquifers with an operational arrangement for water cooperation (%)","548","Vanuatu","M","G","PERCENT","NaN","","NaN","","NaN","","","","","","","","","","","","","","","","","","","","","","","","","","","","","","","","","","","","",""
"6","6.5","6.5.2","EG_TBA_H2COAQ","Proportion of transboundary aquifers with an operational arrangement for water cooperation (%)","862","Venezuela (Bolivarian Republic of)","A","G","PERCENT","0","","0","","","","","","","","","","","","","","","","","","","","","","","","","","","","","","","","","","","","","","",""
"6","6.5","6.5.2","EG_TBA_H2COAQ","Proportion of transboundary aquifers with an operational arrangement for water cooperation (%)","862","Venezuela (Bolivarian Republic of)","O","G","PERCENT","","","","","NaN","","","","","","","","","","","","","","","","","","","","","","","","","","","","","","","","","","","","",""
"6","6.5","6.5.2","EG_TBA_H2COAQ","Proportion of transboundary aquifers with an operational arrangement for water cooperation (%)","704","Viet Nam","A","G","PERCENT","","","0","","","","","","","","","","","","","","","","","","","","","","","","","","","","","","","","","","","","","","",""
"6","6.5","6.5.2","EG_TBA_H2COAQ","Proportion of transboundary aquifers with an operational arrangement for water cooperation (%)","704","Viet Nam","O","G","PERCENT","NaN","","","","NaN","","","","","","","","","","","","","","","","","","","","","","","","","","","","","","","","","","","","",""
"6","6.5","6.5.2","EG_TBA_H2COAQ","Proportion of transboundary aquifers with an operational arrangement for water cooperation (%)","876","Wallis and Futuna Islands","M","G","PERCENT","NaN","","NaN","","NaN","","","","","","","","","","","","","","","","","","","","","","","","","","","","","","","","","","","","",""
"6","6.5","6.5.2","EG_TBA_H2COAQ","Proportion of transboundary aquifers with an operational arrangement for water cooperation (%)","732","Western Sahara","M","G","PERCENT","NaN","","NaN","","NaN","","","","","","","","","","","","","","","","","","","","","","","","","","","","","","","","","","","","",""
"6","6.5","6.5.2","EG_TBA_H2COAQ","Proportion of transboundary aquifers with an operational arrangement for water cooperation (%)","1","World","A","G","PERCENT","48.51","","41.48","","45.88","","","","","","","","","","","","","","","","","","","","","","","","","","","","","","","","","","","","",""
"6","6.5","6.5.2","EG_TBA_H2COAQ","Proportion of transboundary aquifers with an operational arrangement for water cooperation (%)","887","Yemen","A","G","PERCENT","","","","","0","","","","","","","","","","","","","","","","","","","","","","","","","","","","","","","","","","","","",""
"6","6.5","6.5.2","EG_TBA_H2COAQ","Proportion of transboundary aquifers with an operational arrangement for water cooperation (%)","887","Yemen","O","G","PERCENT","NaN","","NaN","","","","","","","","","","","","","","","","","","","","","","","","","","","","","","","","","","","","","","",""
"6","6.5","6.5.2","EG_TBA_H2COAQ","Proportion of transboundary aquifers with an operational arrangement for water cooperation (%)","894","Zambia","A","G","PERCENT","0","","0","","66.07","","","","","","","","","","","","","","","","","","","","","","","","","","","","","","","","","","","","",""
"6","6.5","6.5.2","EG_TBA_H2COAQ","Proportion of transboundary aquifers with an operational arrangement for water cooperation (%)","716","Zimbabwe","A","G","PERCENT","","","43.73","","53.57","","","","","","","","","","","","","","","","","","","","","","","","","","","","","","","","","","","","",""
"6","6.5","6.5.2","EG_TBA_H2COAQ","Proportion of transboundary aquifers with an operational arrangement for water cooperation (%)","716","Zimbabwe","O","G","PERCENT","NaN","","","","","","","","","","","","","","","","","","","","","","","","","","","","","","","","","","","","","","","","",""
